{"train_loss_step": 1.465685486793518, "train_acc_step": 1.0, "train_f1_step": 1.0, "epoch": 2, "trainer/global_step": 4499, "_timestamp": 1657626476, "_runtime": 351, "_step": 95, "val_loss": 1.4833464622497559, "val_acc": 0.9823333621025085, "val_f1": 0.9761187434196472, "train_loss_epoch": 1.481787919998169, "train_acc_epoch": 0.9845208525657654, "train_f1_epoch": 0.9793364405632019}