{"train_loss_step": 1.5211076736450195, "train_acc_step": 0.9375, "train_f1_step": 0.9242424368858337, "epoch": 10, "trainer/global_step": 15000, "_timestamp": 1657628535, "_runtime": 1080, "_step": 4382, "val_loss_step": 1.7251825332641602, "val_acc_step": 0.78125, "val_f1_step": 0.8063781261444092, "val_loss_epoch": 1.7035942077636719, "val_acc_epoch": 0.8167499899864197, "val_f1_epoch": 0.7859288454055786, "train_loss_epoch": 1.5479847192764282, "train_acc_epoch": 0.9517083168029785, "train_f1_epoch": 0.9387693405151367, "test_loss_step": 1.5811558961868286, "test_acc_step": 0.96875, "test_f1_step": 0.9600000381469727, "test_loss_epoch": 1.7000079154968262, "test_acc_epoch": 0.8172075152397156, "test_f1_epoch": 0.7916554808616638, "_wandb": {"runtime": 1080}}